<?xml version="1.0" ?>
<LOG_ROOT>
	<PROJECT NAME="adc">
		<CBX_INST_ENTRY INSTANCE_NAME="|top|pre_seg7:pre_seg7|lpm_divide:Div1" CBX_FILE_NAME="lpm_divide_1jm.tdf"/>
		<CBX_INST_ENTRY INSTANCE_NAME="|top|pre_seg7:pre_seg7|lpm_divide:Mod0" CBX_FILE_NAME="lpm_divide_1bm.tdf"/>
		<CBX_INST_ENTRY INSTANCE_NAME="|top|pre_seg7:pre_seg7|lpm_divide:Mod2" CBX_FILE_NAME="lpm_divide_1bm.tdf"/>
		<CBX_INST_ENTRY INSTANCE_NAME="|top|pre_seg7:pre_seg7|lpm_mult:Mult0|multcore:mult_core|mpar_add:padder|lpm_add_sub:adder[0]" CBX_FILE_NAME="add_sub_pgh.tdf"/>
		<CBX_INST_ENTRY INSTANCE_NAME="|top|pre_seg7:pre_seg7|lpm_divide:Div0" CBX_FILE_NAME="lpm_divide_uim.tdf"/>
		<CBX_INST_ENTRY INSTANCE_NAME="|top|pre_seg7:pre_seg7|lpm_divide:Div2" CBX_FILE_NAME="lpm_divide_bkm.tdf"/>
		<CBX_INST_ENTRY INSTANCE_NAME="|top|pre_seg7:pre_seg7|lpm_divide:Mod1" CBX_FILE_NAME="lpm_divide_1bm.tdf"/>
		<CBX_INST_ENTRY INSTANCE_NAME="|top|pre_seg7:pre_seg7|lpm_divide:Mod3" CBX_FILE_NAME="lpm_divide_1bm.tdf"/>
	</PROJECT>
</LOG_ROOT>
